{"stats":{"minecraft:used":{"minecraft:dirt":7},"minecraft:custom":{"minecraft:jump":398,"minecraft:time_since_rest":2252,"minecraft:damage_dealt":272,"minecraft:deaths":3,"minecraft:crouch_one_cm":44,"minecraft:sprint_one_cm":36894,"minecraft:play_time":11602,"minecraft:damage_taken":657,"minecraft:time_since_death":2198,"minecraft:walk_one_cm":16568,"minecraft:sneak_time":78,"minecraft:total_world_time":11602,"minecraft:player_kills":1,"minecraft:fall_one_cm":13187,"minecraft:fly_one_cm":123198},"minecraft:killed_by":{"minecraft:player":1},"minecraft:picked_up":{"minecraft:dirt":7},"minecraft:mined":{"minecraft:short_grass":13,"minecraft:grass_block":5,"minecraft:birch_leaves":1,"minecraft:peony":1,"minecraft:dirt":2}},"DataVersion":3955}