{"stats":{"minecraft:used":{"minecraft:obsidian":18},"minecraft:custom":{"minecraft:jump":146,"minecraft:time_since_rest":1773,"minecraft:damage_dealt":330,"minecraft:deaths":4,"minecraft:sprint_one_cm":8509,"minecraft:play_time":4759,"minecraft:damage_taken":1056,"minecraft:time_since_death":1714,"minecraft:walk_one_cm":7968,"minecraft:total_world_time":4759,"minecraft:fall_one_cm":2806,"minecraft:fly_one_cm":31776},"minecraft:killed_by":{"minecraft:player":3},"minecraft:mined":{"minecraft:short_grass":1}},"DataVersion":3955}