{
  "minecraft:recipes/decorations/crafting_table": {
    "criteria": {
      "unlock_right_away": "2024-09-27 01:27:44 +0000"
    },
    "done": true
  },
  "minecraft:adventure/root": {
    "criteria": {
      "killed_something": "2024-09-27 01:34:40 +0000"
    },
    "done": true
  },
  "minecraft:adventure/adventuring_time": {
    "criteria": {
      "minecraft:old_growth_birch_forest": "2024-09-27 01:27:45 +0000",
      "minecraft:dark_forest": "2024-09-27 01:32:37 +0000",
      "minecraft:forest": "2024-09-27 01:35:07 +0000"
    },
    "done": false
  },
  "DataVersion": 3955
}